,,1970,1971,1972,1973,1974,1975,1976,1977,1978,1979,1980,1981,1982,1983,1984,1985,1986,1987,1988,1989,1990,1991,1992,1993,1994,1995,1996,1997,1998,1999,2000,2001,2002,2003,2004,2005,2006,2007,2008,2009,2010,2011,2012
North America,,13916.273,14884.228,15329.468,15992.446,16774.536,17598.71,18020.621,19433.372,20596.724,20909.885,21604.121,22180.52,21559.734,20168.337,19213.141,18796.769,18583.948,18674.513,19138.418,18864.874,18937.966,19236.627,19175.205,18516.13,18438.26,18866.08,18701.9,18823.595,19082.31,19658.99,19948.521,20026.621,20254.291,20424.82,20566.164,20826.22,21039.764,21024.692,21103.297,21241,21163.044,21178.37,21194.825
Bermuda,,0,0,0,0,0,0,0,0,0,0,0,0,0,0,0,0,0,0,0,0,0,0,0,0,0,0,0,0,0,0,0,0,0,0,0,0,0,0,0,0,0,0,0
Canada,,1400,1450,1445,1725,1788,1878,2024,2100,2165,2225,2222,2166,2200,2020,1807,1869,1856,1760,1869,1856,1852,1882,1905.05,1871.5,1880.1,1907.8,1848.45,1851.81,1851.31,1872.7,1911.65,1906.25,1943.9,1983.45,1987.85,2017.35,2016.95,2041.2,1969.45,2029.45,2039.254,1902,1918.455
Greenland,,0,0,0,0,0,0,0,0,0,0,0,0,0,0,0,0,0,0,0,0,0,0,0,0,0,0,0,0,0,0,0,0,0,0,0,0,0,0,0,0,0,0,0
Mexico,,495,574,592,625,625,760,760,935,1384,1244,1394,1394,1470,1289,1269,1269,1269,1349,1354,1354,1514,1679,1574,1524,1524,1524,1520,1520,1520,1525,1525,1525,1525,1684,1684,1684,1684,1540,1540,1540,1540,1540,1540
Saint Pierre and Miquelon,,0,0,0,0,0,0,0,0,0,0,0,0,0,0,0,0,0,0,0,0,0,0,0,0,0,0,0,0,0,0,0,0,0,0,0,0,0,0,0,0,0,0,0
United States,,12021.273,12860.228,13292.468,13642.446,14361.536,14960.71,15236.621,16398.372,17047.724,17440.885,17988.121,18620.52,17889.734,16859.337,16137.141,15658.769,15458.948,15565.513,15915.418,15654.874,15571.966,15675.627,15696.155,15120.63,15034.16,15434.28,15333.45,15451.785,15711,16261.29,16511.871,16595.371,16785.391,16757.37,16894.314,17124.87,17338.814,17443.492,17593.847,17671.55,17583.79,17736.37,17736.37
Central & South America,,4467.8,5008.8,5505.8,5794.8,6496.8,6778.8,6808.8,6859.8,7044.8,7044.4,6596.5,6702.5,6663.495,6183.495,6011,5846,5438,5518,5634,5591,5639,5829.8,6069.075,6059.075,5994.11,5794.909,5862.93,5832.718,6297.37,6205.216,6456.058,6684.555,6547.315,6633.864,6726.81,6608.859,6615.653,6607.603,6607.803,6607.803,6498.153,6582.482,6595.037
Antarctica,,0,0,0,0,0,0,0,0,0,0,0,0,0,0,0,0,0,0,0,0,0,0,0,0,0,0,0,0,0,0,0,0,0,0,0,0,0,0,0,0,0,0,0
Antigua and Barbuda,,0,0,18,17,17,16,16,0,0,0,0,0,18,18,0,0,0,0,0,0,0,0,0,0,0,0,0,0,0,0,0,0,0,0,0,0,0,0,0,0,0,0,0
Argentina,,457,456,630,602,624,721,684,703,655,655,676,679,677,676,678,678,667,670,690,690,689,696,696.285,709.485,709.485,664.6,661.4,664.98,666.505,652.675,661.8,639.075,639.075,639.075,639.075,625.075,624.575,624.575,626.075,626.075,627.075,627.075,630.575
Aruba,,460,460,460,520,520,440,440,440,480,480,--,--,--,--,--,--,0,0,0,0,0,150,150,150,157,170,170,170,205,205,225,280,280,280,280,230,270.75,270.75,270.75,270.75,235,235,235
"Bahamas, The",,0,250,250,250,500,500,500,500,500,500,500,500,500,500,500,350,0,0,0,0,0,0,0,0,0,0,0,0,0,0,0,0,0,0,0,0,0,0,0,0,0,0,0
Barbados,,3,3,3,3,3,3,3,3,3,3,3,3,3,3,3,3,3,3,3,3,3,3,3,3,3,3,4,4,4,0,0,0,0,0,0,0,0,0,0,0,0,0,0
Belize,,0,0,0,0,0,0,0,0,0,0,0,0,0,0,0,0,0,0,0,0,0,0,0,0,0,0,0,0,0,0,0,0,0,0,0,0,0,0,0,0,0,0,0
Bolivia,,12,23,23,22,26,26,34,37,40,74,74,74,61,61,47,47,47,47,47,58,58,45,45.25,45.25,45.25,45.25,45.25,47.888,47.888,47.888,47.888,63,63,63,63,47.25,47.25,41.2,41.2,41.2,41.2,41.2,41.2
Brazil,,502,505,564,718,792,962,986,1118,1161,1209,1205,1402,1407,1219,1301,1305,1305,1321,1407,1407,1397,1412,1406.22,1402.52,1252.86,1252.86,1256.06,1256.06,1662.297,1772.273,1783.31,1918.081,1785.841,1865.14,1914.102,1920.134,1908.278,1908.278,1908.278,1908.278,1908.278,1908.278,1917.333
Cayman Islands,,0,0,0,0,0,0,0,0,0,0,0,0,0,0,0,0,0,0,0,0,0,0,0,0,0,0,0,0,0,0,0,0,0,0,0,0,0,0,0,0,0,0,0
Chile,,91,111,136,124,124,124,149,140,130,144,139,139,141,141,141,141,141,150,141,147,147,146,142.7,143.7,164.615,164.615,177.82,192.29,204.64,204.64,204.64,204.849,204.849,204.849,204.849,226.8,226.8,226.8,226.8,226.8,226.8,226.8,226.8
Colombia,,137,138,174,172,166,172,172,165,165,174,194,199,199,214,211,211,211,226,226,227,227,247,274.1,264.4,248.85,248.85,248.85,248.85,248.85,248.85,285.85,285.85,285.85,285.85,285.85,285.85,285.85,285.85,285.85,285.85,285.85,290.85,290.85
Costa Rica,,8,8,8,8,8,11,8,8,10,12,11,15,15,16,17,16,15,16,16,16,16,15,15,15,15,15,15,15,15,15,15,15,15,15,15,24,24,24,24,24,24,24,24
Cuba,,NA,NA,NA,NA,NA,NA,NA,NA,NA,NA,NA,NA,NA,NA,NA,NA,NA,NA,NA,NA,NA,NA,280,280,280,280,301.4,301.4,301.4,301.4,301.4,301.4,301.4,301.4,301.4,301.4,301.4,301.4,301.4,301.4,301.4,301.4,301.4
Dominica,,0,0,0,0,0,0,0,0,0,0,0,0,0,0,0,0,0,0,0,0,0,0,0,0,0,0,0,0,0,0,0,0,0,0,0,0,0,0,0,0,0,0,0
Dominican Republic,,0,0,0,16,46,46,48,47,46,46,48,48,48,48,44,44,44,44,49,47,49,48,48,48,48,48,50,50,50,51,49.25,49.25,49.25,48.3,48.3,48.3,48.3,48.3,47,47,50,50,50
Ecuador,,33,35,36,36,35,44,44,41,96,93,86,87,90,79,84,82,88,88,122,123,145,142,141.8,147,148,148,148,148,168,176,176,176,176,176,176,176,176,176,176,176,176,176,176
El Salvador,,14,13,14,14,14,14,16,16,17,17,16,16,16,16,16,16,16,17,17,17,17,16,16.3,15.1,18,18.984,19.4,20.5,19.8,19.8,20,21,22,22,22,22,22,22,22,22,22,22,22
Falkland Islands (Islas Malvinas),,0,0,0,0,0,0,0,0,0,0,0,0,0,0,0,0,0,0,0,0,0,0,0,0,0,0,0,0,0,0,0,0,0,0,0,0,0,0,0,0,0,0,0
French Guiana,,0,0,0,0,0,0,0,0,0,0,0,0,0,0,0,0,0,0,0,0,0,0,0,0,0,0,0,0,0,0,0,0,0,0,0,0,0,0,0,0,0,0,0
Grenada,,0,0,0,0,0,0,0,0,0,0,0,0,0,0,0,0,0,0,0,0,0,0,0,0,0,0,0,0,0,0,0,0,0,0,0,0,0,0,0,0,0,0,0
Guadeloupe,,0,0,0,0,0,0,0,0,0,0,0,0,0,0,0,0,0,0,0,0,0,0,0,0,0,0,0,0,0,0,0,0,0,0,0,0,0,0,0,0,0,0,0
Guatemala,,21,26,26,26,26,25,25,14,14,14,16,16,16,16,16,16,16,16,16,16,16,16,16,16,20,20,20,20,20,20,20,22,16,16,16,0,0,0,0,0,0,0,0
Guyana,,0,0,0,0,0,0,0,0,0,0,0,0,0,0,0,0,0,0,0,0,0,0,0,0,0,0,0,0,0,0,0,0,0,0,0,0,0,0,0,0,0,0,0
Haiti,,0,0,0,0,0,0,0,0,0,0,0,0,0,0,0,0,0,0,0,0,0,0,0,0,0,0,0,0,0,0,0,0,0,0,0,0,0,0,0,0,0,0,0
Honduras,,10,14,15,14,14,14,14,14,14,14,14,14,14,14,14,14,14,14,14,14,14,14,14,14,14,14,14,14,0,0,0,0,0,0,0,0,0,0,0,0,0,0,0
Jamaica,,32,36,35,31,33,33,33,33,33,33,34,22,22,36,36,36,36,36,36,34,34,34,34.2,32,35.5,35.5,35.5,35.5,35.5,35.5,34.2,34.2,34.2,34.2,36,36,36,36,36,36,36,36,36
Martinique,,0,0,12,11,14,10,10,10,12,14,14,14,11,11,11,13,13,13,13,13,12,12,12,16,16,16,16,16,16.09,16.09,16.09,17,17,17,17,17,17,17,17,17,17,17.329,17.329
Montserrat,,0,0,0,0,0,0,0,0,0,0,0,0,0,0,0,0,0,0,0,0,0,0,0,0,0,0,0,0,0,0,0,0,0,0,0,0,0,0,0,0,0,0,0
Netherlands Antilles,,335,330,360,360,425,460,409,370,362,362,362,362,362,362,320,320,320,320,320,320,320,320,320,320,320,320,320,320,320,250,320,320,320,320,320,320,320,320,320,320,320,320,320
Nicaragua,,22,22,14,13,13,13,13,15,15,15,14,14,14,14,15,15,15,15,15,15,15,16,16,16,16,16.5,16.5,16.5,17,18.5,21,20,20,20,20,20,20,20,20,20,20,20,20
Panama,,78,75,75,75,75,100,100,100,100,100,100,100,100,100,100,100,100,100,100,100,100,100,40,100,100,40,60,60,60,60,60,60,60,60,60,0,0,0,0,0,0,0,0
Paraguay,,5,5,5,5,5,5,5,5,5,5,8,8,8,8,8,8,8,8,8,8,8,8,7.5,7.5,7.5,7.5,7.5,7.5,7.5,7.5,7.5,7.5,7.5,7.5,7.5,7.5,7.5,7.5,7.5,7.5,7.5,7.5,7.5
Peru,,92,92,106,102,107,130,130,116,171,170,170,169,162,168,169,176,176,176,182,172,172,189,188.82,188.82,184.25,184.25,182.25,182.25,182.25,182.25,182.25,182.25,182.25,190.95,190.95,192.95,192.95,192.95,192.95,192.95,192.95,198.95,198.95
Puerto Rico,,152.8,152.8,218.8,257.8,283.8,283.8,283.8,283.8,283.8,260.4,270.5,276.5,255.495,244.495,121,121,123,123,121,85,121,209.8,211.4,138.8,138.8,130,130,85,85,35,87,87,87,111.5,110.684,109.5,77.9,77.9,77.9,77.9,0,73,73
Saint Kitts and Nevis,,0,0,0,0,0,0,0,0,0,0,0,0,0,0,0,0,0,0,0,0,0,0,0,0,0,0,0,0,0,0,0,0,0,0,0,0,0,0,0,0,0,0,0
Saint Lucia,,0,0,0,0,0,0,0,0,0,0,0,0,0,0,0,0,0,0,0,0,0,0,0,0,0,0,0,0,0,0,0,0,0,0,0,0,0,0,0,0,0,0,0
Saint Vincent/Grenadines,,0,0,0,0,0,0,0,0,0,0,0,0,0,0,0,0,0,0,0,0,0,0,0,0,0,0,0,0,0,0,0,0,0,0,0,0,0,0,0,0,0,0,0
Suriname,,0,0,0,0,0,0,0,0,0,0,0,0,0,0,0,0,0,0,0,0,0,0,0,0,0,0,0,0,6.65,6.65,7,7,7,7,7,7,7,7,7,7,7,7,7
Trinidad and Tobago,,430,438,464,441,461,461,461,461,461,461,456,456,456,375,375,320,260,300,300,300,300,246,246,246,305,245,245,245,245,160,160,160,160,160,165,165,175,168,168,168,168,168,168
Turks and Caicos Islands,,0,0,0,0,0,0,0,0,0,0,0,0,0,0,0,0,0,0,0,0,0,0,0,0,0,0,0,0,0,0,0,0,0,0,0,0,0,0,0,0,0,0,0
Uruguay,,40,40,43,40,43,43,46,46,43,43,40,40,45,45,45,45,45,45,45,33,33,33,28.5,28.5,35,35,37,40,37,37,37,37,37,37,50,50,50,50,50,50,50,50,50
Venezuela,,1313,1526,1376,1499,1532,1532,1451,1446,1446,1446,1446,1349,1323,1284,1224,1224,1230,1225,1201,1201,1201,1167,1171,1167,1167,1167,1177,1177,1177,1187.2,1238.88,1282.1,1282.1,1282.1,1282.1,1282.1,1282.1,1282.1,1282.1,1282.1,1282.1,1282.1,1282.1
"Virgin Islands,  U.S.",,220,250,440,418,590,590,728,728,782,700,700,700,700,515,515,545,545,545,545,545,545,545,545,545,545,505,505,495,495,495,495,495,495,470,495,495,495,500,500,500,500,500,500
"Virgin Islands, British",,0,0,0,0,0,0,0,0,0,0,0,0,0,0,0,0,0,0,0,0,0,0,0,0,0,0,0,0,0,0,0,0,0,0,0,0,0,0,0,0,0,0,0
Europe,,13912,15246,16498,17116,18418,19036,20289,20936,20761,20372,17332,17244,16876,15123,14319,13944,12599,12211,12482,12342,12727,14225,16224.908,16700.823,16983.047,16842.633,16580.292,16457.083,16656.388,16674.087,16484.878,16546.083,16547.438,16565.224,16623.545,16680.691,17102.517,17047.011,17015.231,17049.197,17053.207,16786.675,16591.686
Albania,,NA,NA,NA,NA,NA,NA,NA,NA,NA,NA,NA,NA,NA,NA,NA,NA,NA,NA,NA,NA,NA,NA,40,40,40,40,40,40,26.3,26.3,26.3,26.3,26.3,26.3,26.3,26.3,26.3,26.3,26.3,26.3,26.3,26.3,26.3
Austria,,94,160,155,221,220,220,280,280,280,280,280,280,244,269,268,273,204,204,204,204,204,204,210,210,210,210,210,210,210,208.6,208.6,208.6,208.6,208.6,208.6,208.6,208.6,208.6,208.6,208.6,208.6,208.6,208.6
Belgium,,669,704,836,832,817,867,946,1095,1067,972,1064,1056,1035,693,694,693,652,648,631,631,614,602,602,607,607,614,609.75,629.75,629.75,714.75,719,768.013,791.013,791.013,793.013,803.013,857.629,790.629,797.629,797.629,797.629,740.321,739.821
Bosnia and Herzegovina,,--,--,--,--,--,--,--,--,--,--,--,--,--,--,--,--,--,--,--,--,--,--,NA,0,0,0,0,0,0,0,0,0,0,0,0,0,0,0,0,0,0,0,0
Bulgaria,,NA,NA,NA,NA,NA,NA,NA,NA,NA,NA,NA,NA,NA,NA,NA,NA,NA,NA,NA,NA,NA,NA,300,300,300,300,300,300,324.6,133.5,115.24,115.24,115.24,115.24,115.24,115.24,115.24,115.24,115.24,115.24,115.24,115.24,115.24
Croatia,,--,--,--,--,--,--,--,--,--,--,--,--,--,--,--,--,--,--,--,--,--,--,NA,143.472,293.472,294.172,294.275,294.275,294.275,235.9,235.9,252.575,292.99,260.337,250.337,250.331,250.317,250.317,250.317,250.317,250.317,250.317,250.317
Cyprus,,0,0,0,12,15,15,15,15,15,15,16,16,16,16,15,16,16,16,16,17,18,19,18.6,18.6,22,22,22,26,27,27,27,27,27,27,27,0,0,0,0,0,0,0,0
Czech Republic,,--,--,--,--,--,--,--,--,--,--,--,--,--,--,--,--,--,--,--,--,--,--,--,NA,307.25,307.099,187.139,187.139,187.139,198,186.055,198,198,198,198,198,198,198,183,183,183,183,183
Denmark,,186,196,228,222,227,220,226,226,220,215,214,215,215,215,174,176,166,166,177,177,187,186,185.5,183.5,183.5,188.2,189.1,189.1,131.7,135,135,176.4,176.4,176.4,176.4,176.4,176.4,176.4,174.4,174.4,174.4,174.4,174.4
Faroe Islands,,0,0,0,0,0,0,0,0,0,0,0,0,0,0,0,0,0,0,0,0,0,0,0,0,0,0,0,0,0,0,0,0,0,0,0,0,0,0,0,0,0,0,0
Finland,,174,173,168,186,196,196,336,336,336,336,336,336,299,299,299,299,241,241,241,241,241,241,241,200,200,200,200,200,200,200,200,200,238.8,251.8,251.8,251.8,251.8,251.8,251.8,255.6,258.5,258.5,260.575
Former Czechoslovakia,,NA,NA,NA,NA,NA,NA,NA,NA,NA,NA,NA,NA,NA,NA,NA,NA,NA,NA,NA,NA,NA,NA,455,--,--,--,--,--,--,--,--,--,--,--,--,--,--,--,--,--,--,--,--
Former Serbia and Montenegro,,--,--,--,--,--,--,--,--,--,--,--,--,--,--,--,--,--,--,--,--,--,--,NA,444.233,281.781,168.246,168.246,167.264,167.264,167.264,167.264,158.246,158.246,158.25,158.25,158.25,--,--,--,--,--,--,--
Former Yugoslavia,,NA,NA,NA,NA,NA,NA,NA,NA,NA,NA,NA,NA,NA,NA,NA,NA,NA,NA,NA,NA,NA,NA,--,--,--,--,--,--,--,--,--,--,--,--,--,--,--,--,--,--,--,--,--
France,,2317,2534,2692,2949,3140,3342,3312,3517,3456,3467,3399,3342,3291,2871,2670,2386,1947,1834,1941,1876,1820,1816,1815.63,1851.43,1861.43,1768.43,1781.63,1785.58,1865.223,1946.923,1901.923,1895.473,1896.493,1903.433,1951.348,1951.348,1979.488,1958.794,1931.799,1986.197,1983.668,1843.831,1718.803
Germany,,2359,2542,2564,2698,2826,2987,3103,3075,3081,3103,--,--,--,--,--,--,--,--,--,--,--,2065,2061.8,2233,2265.06,2316.86,2126.36,2108.3,2183.72,2246,2275.3,2259,2258.8,2267.1,2289.45,2323.2,2428.192,2417.418,2417.083,2417.523,2410.662,2417.662,2417.162
"Germany, East",,NA,NA,NA,NA,NA,NA,NA,NA,NA,NA,NA,NA,NA,NA,NA,NA,NA,NA,NA,NA,NA,--,--,--,--,--,--,--,--,--,--,--,--,--,--,--,--,--,--,--,--,--,--
"Germany, West",,NA,NA,NA,NA,NA,NA,NA,NA,NA,NA,NA,NA,NA,NA,NA,NA,NA,NA,NA,NA,NA,--,--,--,--,--,--,--,--,--,--,--,--,--,--,--,--,--,--,--,--,--,--
Gibraltar,,0,0,0,0,0,0,0,0,0,0,0,0,0,0,0,0,0,0,0,0,0,0,0,0,0,0,0,0,0,0,0,0,0,0,0,0,0,0,0,0,0,0,0
Greece,,102,102,110,125,314,411,420,407,407,411,431,428,427,422,369,390,390,385,385,385,385,395,395.5,395.5,395.5,400.5,400.5,395.5,391.5,387.5,382.5,406.5,406.5,406.5,401.4,401.4,413,413,423,423,423,423,423
Hungary,,NA,NA,NA,NA,NA,NA,NA,NA,NA,NA,NA,NA,NA,NA,NA,NA,NA,NA,NA,NA,NA,NA,220,235,241.5,241.5,232,232,232,232,232,232,161,161,161,161,161,161,161,161,161,161,161
Iceland,,0,0,0,0,0,0,0,0,0,0,0,0,0,0,0,0,0,0,0,0,0,0,0,0,0,0,0,0,0,0,0,0,0,0,0,0,0,0,0,0,0,0,0
Ireland,,55,55,55,58,58,56,56,56,56,56,56,56,56,56,56,56,56,56,56,56,56,56,56,56,52.5,52.5,55,65,61.75,66.5,71.25,71.25,71.25,71.25,71.25,71,71,71,71,71,71,71,71
Italy,,2963,3235,3682,3593,3882,3953,4082,4259,4226,4197,4131,4092,4003,3283,3050,3095,2738,2679,2563,2450,2804,2385,2386.358,2420.358,2262,2259.818,2284.498,2261.818,2453.418,2446.218,2340.6,2359.1,2282.8,2300.8,2313.415,2320.915,2324.409,2337.229,2337.229,2337.229,2337.229,2337.229,2337.229
Luxembourg,,0,0,0,0,0,0,0,0,0,0,0,0,0,0,0,0,0,0,0,0,0,0,0,0,0,0,0,0,0,0,0,0,0,0,0,0,0,0,0,0,0,0,0
Macedonia,,--,--,--,--,--,--,--,--,--,--,--,--,--,--,--,--,--,--,--,--,--,--,NA,51.18,51.18,51.18,51.18,51.18,51.18,51.18,51.18,51.18,51.18,56.73,56.73,50,50,50,50,50,50,50,50
Malta,,0,0,0,0,0,0,0,0,0,0,0,0,0,0,0,0,0,0,0,0,0,0,0,0,0,0,0,0,0,0,0,0,0,0,0,0,0,0,0,0,0,0,0
Montenegro,,--,--,--,--,--,--,--,--,--,--,--,--,--,--,--,--,--,--,--,--,--,--,--,--,--,--,--,--,--,--,--,--,--,--,--,--,0,0,0,0,0,0,0
Netherlands,,1362,1393,1644,1826,1826,1841,1985,2031,1869,1857,1828,1827,1708,1552,1552,1499,1468,1401,1381,1381,1381,1197,1218.5,1230.5,1183.5,1186.5,1186.5,1186.5,1187.842,1187.842,1187.842,1203.842,1205.842,1206.842,1221.5,1227.5,1221.873,1211.886,1226.886,1207.714,1205.714,1208.607,1196.571
Norway,,123,202,167,173,168,168,259,259,264,264,264,253,243,243,243,244,240,240,240,239,295,288,288,285.2,287.25,284.74,307,307,307,312,358,305,310,310,310,310,310,310,315,315,319,319,319
Poland,,NA,NA,NA,NA,NA,NA,NA,NA,NA,NA,NA,NA,NA,NA,NA,NA,NA,NA,NA,NA,NA,NA,333,333,333,352,352,352,365.2,382,382,382,382,350,350,350,466.5,496.5,492.95,492.95,492.95,492.95,492.95
Portugal,,37,84,84,80,110,110,190,190,415,361,379,341,365,365,282,290,296,294,294,313,313,294,294.3,294,294,304.285,304.285,304.172,304.172,304.3,304.3,304.172,304.172,304.172,304.172,304.172,304.172,304.172,304.172,304.172,304.172,304.172,304.172
Romania,,NA,NA,NA,NA,NA,NA,NA,NA,NA,NA,NA,NA,NA,NA,NA,NA,NA,NA,NA,NA,NA,NA,656.5,737.102,680.884,650.788,655.434,558.77,541.7,521.715,499.037,504.037,504.037,501.182,501.182,516.557,516.557,516.557,516.557,516.557,516.557,537.277,537.277
Serbia,,--,--,--,--,--,--,--,--,--,--,--,--,--,--,--,--,--,--,--,--,--,--,--,--,--,--,--,--,--,--,--,--,--,--,--,--,214.826,214.826,214.826,214.826,214.826,214.826,214.826
Slovakia,,--,--,--,--,--,--,--,--,--,--,--,--,--,--,--,--,--,--,--,--,--,--,--,NA,193.4,193.4,115,115,115,115,115,115,115,115,115,115,115,115,115,115,115,115,115
Slovenia,,--,--,--,--,--,--,--,--,--,--,--,--,--,--,--,--,--,--,--,--,--,--,NA,14.7,14.7,11.4,12,12,12,12,13.5,13.5,13.5,13.5,13.5,13.5,13.5,13.5,13.5,13.5,13.5,13.5,13.5
Spain,,685,846,866,1026,1163,1165,1323,1278,1271,1425,1456,1464,1517,1522,1493,1493,1367,1305,1305,1285,1293,1321,1321,1301.328,1283,1283,1326.65,1295.65,1293.65,1315.5,1315.5,1293.5,1293.5,1321.5,1271.5,1271.5,1271.5,1271.5,1277,1271.5,1271.5,1271.5,1271.5
Sweden,,230,236,259,244,248,248,413,435,424,411,458,451,471,453,453,439,429,437,437,427,428,428,434.5,427.5,427.5,427.5,436.5,427,427,427,427,423,423.5,423.5,423.5,434,434,434,437,437,437,437,437
Switzerland,,106,102,108,120,140,138,138,137,137,137,137,102,137,137,137,127,137,65,132,132,132,132,132,132,132,132,132,132,132,132,132,132,132,132,132,132,132,132,132,132,132,132,72
Turkey,,149,290,292,286,306,316,316,326,326,338,356,356,367,467,472,460,460,460,676,725,725,729,703.58,713.58,713,713.275,713.255,683.095,708.255,688.095,690.915,694.115,719.275,719.275,714.275,714.275,714.275,714.275,714.275,714.275,714.275,714.275,714.275
United Kingdom,,2301,2392,2588,2465,2762,2783,2889,3014,2911,2527,2527,2629,2482,2260,2092,2008,1792,1780,1803,1803,1831,1867,1856.14,1842.64,1866.64,1869.24,1887.99,1940.99,1825.75,1854,1784.672,1771.04,1784,1788.5,1817.383,1825.39,1876.939,1887.068,1857.668,1857.668,1866.168,1766.168,1767.168
Eurasia,,5640,6270,6680,7260,7810,8240,9225,9100,9979,10478,10950,11400,11600,11750,12000,12200,12200,12260,12260,12300,12300,12300,0,10117.56,10109.359,10241.879,10324.371,10340.52,10433.932,10012.266,10025.145,8663.06,8663.06,8661.56,8618.73,8282.615,8117.355,8115.355,8204.891,8204.891,8204.891,8209.302,8209.302
Armenia,,--,--,--,--,--,--,--,--,--,--,--,--,--,--,--,--,--,--,--,--,--,--,NA,0,0,0,0,0,0,0,0,0,0,0,0,0,0,0,0,0,0,0,0
Azerbaijan,,--,--,--,--,--,--,--,--,--,--,--,--,--,--,--,--,--,--,--,--,--,--,NA,406.34,406.34,441.808,441.808,441.808,441.808,441.808,441.808,441.808,441.808,441.808,398.978,398.978,398.978,398.978,398.978,398.978,398.978,398.978,398.978
Belarus,,--,--,--,--,--,--,--,--,--,--,--,--,--,--,--,--,--,--,--,--,--,--,NA,831.54,831.54,835.419,724.967,724.967,543.823,473.923,493.323,493.323,493.323,493.323,493.323,493.323,493.323,493.323,493.323,493.323,493.323,493.323,493.323
Estonia,,--,--,--,--,--,--,--,--,--,--,--,--,--,--,--,--,--,--,--,--,--,--,NA,0,0,0,0,0,0,0,0,0,0,0,0,0,0,0,0,0,0,0,0
Former U.S.S.R.,,5640,6270,6680,7260,7810,8240,9225,9100,9979,10478,10950,11400,11600,11750,12000,12200,12200,12260,12260,12300,12300,12300,--,--,--,--,--,--,--,--,--,--,--,--,--,--,--,--,--,--,--,--,--
Georgia,,--,--,--,--,--,--,--,--,--,--,--,--,--,--,--,--,--,--,--,--,--,--,NA,106.34,106.34,106.436,106.436,106.436,106.436,106.436,108.836,106.436,106.436,106.436,106.436,0,0,0,0,0,0,0,0
Kazakhstan,,--,--,--,--,--,--,--,--,--,--,--,--,--,--,--,--,--,--,--,--,--,--,NA,390.38,390.38,393.611,393.611,427.093,427.093,427.093,427.093,427.093,427.093,427.093,427.093,345.093,345.093,345.093,345.093,345.093,345.093,345.093,345.093
Kyrgyzstan,,--,--,--,--,--,--,--,--,--,--,--,--,--,--,--,--,--,--,--,--,--,--,NA,0,0,0,0,10,10,10,10,10,10,10,10,10,10,10,10,10,10,10,10
Latvia,,--,--,--,--,--,--,--,--,--,--,--,--,--,--,--,--,--,--,--,--,--,--,NA,0,0,0,0,0,0,0,0,0,0,0,0,0,0,0,0,0,0,0,0
Lithuania,,--,--,--,--,--,--,--,--,--,--,--,--,--,--,--,--,--,--,--,--,--,--,NA,266.6,263.42,267.093,263.42,240,263.42,263.42,263.42,263.42,263.42,263.42,263.42,263.42,190,190,190,190,190,190,190
Moldova,,--,--,--,--,--,--,--,--,--,--,--,--,--,--,--,--,--,--,--,--,--,--,NA,0,0,0,0,0,0,0,0,0,0,0,0,0,0,0,0,0,0,0,0
Russia,,--,--,--,--,--,--,--,--,--,--,--,--,--,--,--,--,--,--,--,--,--,--,NA,6463.32,6463.32,6526.672,6720.905,6732.905,6869.006,6745.213,6672.964,5435.48,5435.48,5435.48,5435.48,5432.801,5340.961,5338.961,5428.497,5428.497,5428.497,5430.908,5430.908
Tajikistan,,--,--,--,--,--,--,--,--,--,--,--,--,--,--,--,--,--,--,--,--,--,--,NA,0,0,0,0,0,0,0,0,0,0,0,0,0,0,0,0,0,0,0,0
Turkmenistan,,--,--,--,--,--,--,--,--,--,--,--,--,--,--,--,--,--,--,--,--,--,--,NA,236,238,236.97,236.97,236.97,236.97,236.97,236.97,236.97,236.97,236.97,236.97,236.97,236.97,236.97,236.97,236.97,236.97,236.97,236.97
Ukraine,,--,--,--,--,--,--,--,--,--,--,--,--,--,--,--,--,--,--,--,--,--,--,NA,1243.72,1236.699,1259.155,1261.539,1245.626,1247.105,1085.132,1148.46,1026.259,1026.259,1024.759,1024.759,879.759,879.759,879.759,879.759,879.759,879.759,879.759,879.759
Uzbekistan,,--,--,--,--,--,--,--,--,--,--,--,--,--,--,--,--,--,--,--,--,--,--,NA,173.32,173.32,174.715,174.715,174.715,288.271,222.271,222.271,222.271,222.271,222.271,222.271,222.271,222.271,222.271,222.271,222.271,222.271,224.271,224.271
Middle East,,2209.7,2802.9,2560.6,2471.7,2577,2966,2970,3023,3182,3209,3164,3375,2944,3219,3429,3593,3815,3863,4147,4336,4447,5023,4992.894,4924.194,5030.84,5256.04,5296.84,5396.79,5635.04,5755.54,5925.94,5965.24,6045.99,6291.615,6461.615,6471.615,7033.815,7038.115,7036.215,7036.215,7245.365,7245.365,7277.365
Bahrain,,205,216,216,250,250,250,250,250,250,250,250,250,250,250,250,250,250,250,250,243,243,243,243,243,250,250,250,248.9,248.9,248.9,248.9,248.9,248.9,248.9,248.9,248.9,254.6,248.9,262,262,253.65,253.65,253.65
Iran,,645,633,653,620,660,789,780,781,911,921,921,1121,530,530,530,530,530,530,530,530,530,720,720,1089.3,1161.7,1183.7,1167.7,1242,1358,1447.8,1474,1484,1484,1474,1474,1474,1451,1451,1451,1451,1451,1451,1451
Iraq,,104,103,102,99,99,169,169,169,169,169,169,169,169,169,169,319,319,319,319,319,319,319,318.5,318.5,347.5,347.5,347.5,347.5,347.5,347.5,347.5,417.5,417.5,417.5,587.5,597.5,597.5,597.5,597.5,597.5,637.5,637.5,637.5
Israel,,107,132,140,147,212,201,181,201,201,195,195,190,190,190,190,170,170,180,180,180,180,180,208,221,208,220,220,220,220,220,220,220,220,220,220,220,220,220,220,220,220,220,220
Jordan,,7,16,11,15,14,21,21,24,30,30,21,36,91,100,100,100,100,100,100,100,100,100,100,100,100,100,100,100,95,90.4,90.4,90.4,90.4,90.4,90.4,90.4,90.4,90.4,90.4,90.4,90.4,90.4,90.4
Kuwait,,489,504,644,647,646,646,685,685,712,712,645,645,623,623,623,669,634,618,628,817,819,819,819,368,624,759,801,824,886,886,864.5,763.8,773.3,889.2,889.2,889.2,889.2,889.2,889.2,889.2,936,936,936
Lebanon,,38,55,55,54,54,54,54,0,53,53,53,52,52,52,52,17,17,37,37,37,37,38,37.5,37.5,37.5,37.5,37.5,37.5,37.5,37.5,37.5,37.5,37.5,37.5,37.5,37.5,0,0,0,0,0,0,0
Oman,,0,0,0,0,0,0,0,0,0,0,0,0,0,46,48,50,48,48,77,77,77,77,80,80,76,85,85,85,85,85,85,85,85,85,85,85,85,85,85,85,85,85,85
Palestinian Territories,,NA,NA,NA,NA,NA,NA,--,--,--,--,--,--,--,--,--,--,--,--,--,--,--,--,--,--,--,--,--,0,0,0,0,0,0,0,0,0,0,0,0,0,0,0,0
Qatar,,0.7,0.9,0.6,0.7,1,7,7,9,10,11,11,13,13,12,63,56,56,62,62,62,62,62,60,60,57.5,57.5,57.5,57.5,57.5,57.5,57.5,57.5,57.5,200,200,200,200,200,200,200,338.7,338.7,338.7
Saudi Arabia,,377,906,507,428,428,610,537,603,586,487,487,487,487,705,860,840,1115,1125,1375,1375,1484,1863,1862.5,1862.5,1614,1661.2,1655.7,1655.7,1650.7,1685,1710,1745,1745,1745,1745,1745,2095,2095,2080,2080,2080,2080,2112
Syria,,59,59,54,51,51,50,117,117,102,223,223,223,233,229,229,229,229,229,229,244,244,237,237.394,237.394,242.14,242.14,242.14,245.89,242.14,242.14,242.14,242.14,242.14,239.865,239.865,239.865,239.865,239.865,239.865,239.865,239.865,239.865,239.865
United Arab Emirates,,0,0,0,0,0,0,0,15,15,15,14,14,128,135,185,185,185,185,180,180,180,193,192.5,192.5,192.5,192.5,212.8,212.8,286.8,287.8,428.5,443.5,514.75,514.25,514.25,514.25,781.25,781.25,781.25,781.25,773.25,773.25,773.25
Yemen,,178,178,178,160,162,169,169,169,143,143,175,175,178,178,130,178,162,180,180,172,172,172,114.5,114.5,120,120,120,120,120,120,120,130,130,130,130,130,130,140,140,140,140,140,140
Africa,,765,907,903,827,1105,1245,1328,1480,1467,1666,1666,1697,1763,1883,1880,2449,2521,2524,2631,2789,2824,2874,2866.403,2939.003,2859.641,2826.356,2824.971,2849.025,2930.251,3006.352,3044.152,3265.092,3202.262,3213.262,3223.762,3230.362,3230.362,3212.112,3278.382,3278.382,3278.382,3219.632,3217.632
Algeria,,48,48,48,61,115,115,122,122,122,122,122,122,122,137,137,465,465,465,465,465,465,465,464.7,530,530,465,465,465,482.76,502.665,502.665,502.665,450,450,450,450,450,450,450,450,450,450,450
Angola,,14,14,14,16,25,36,35,32,31,32,36,31,32,32,32,32,32,32,32,32,32,38,32.1,32.1,32.1,32.1,32.1,32.1,32.1,39,39,39,39,39,39,39,39,39,39,39,39,39,39
Benin,,0,0,0,0,0,0,0,0,0,0,0,0,0,0,0,0,0,0,0,0,0,0,0,0,0,0,0,0,0,0,0,0,0,0,0,0,0,0,0,0,0,0,0
Botswana,,0,0,0,0,0,0,0,0,0,0,0,0,0,0,0,0,0,0,0,0,0,0,0,0,0,0,0,0,0,0,0,0,0,0,0,0,0,0,0,0,0,0,0
Burkina Faso,,0,0,0,0,0,0,0,0,0,0,0,0,0,0,0,0,0,0,0,0,0,0,0,0,0,0,0,0,0,0,0,0,0,0,0,0,0,0,0,0,0,0,0
Burundi,,0,0,0,0,0,0,0,0,0,0,0,0,0,0,0,0,0,0,0,0,0,0,0,0,0,0,0,0,0,0,0,0,0,0,0,0,0,0,0,0,0,0,0
Cameroon,,0,0,0,0,0,0,0,0,0,0,0,0,43,43,41,43,43,43,43,42,43,42,42,42,42,42,42,42,44.661,35,35,42,42,42,42,42,42,42,37,37,37,37,37
Cape Verde,,0,0,0,0,0,0,0,0,0,0,0,0,0,0,0,0,0,0,0,0,0,0,0,0,0,0,0,0,0,0,0,0,0,0,0,0,0,0,0,0,0,0,0
Central African Republic,,0,0,0,0,0,0,0,0,0,0,0,0,0,0,0,0,0,0,0,0,0,0,0,0,0,0,0,0,0,0,0,0,0,0,0,0,0,0,0,0,0,0,0
Chad,,0,0,0,0,0,0,0,0,0,0,0,0,0,0,0,0,0,0,0,0,0,0,0,0,0,0,0,0,0,0,0,0,0,0,0,0,0,0,0,0,0,0,0
Comoros,,0,0,0,0,0,0,0,0,0,0,0,0,0,0,0,0,0,0,0,0,0,0,0,0,0,0,0,0,0,0,0,0,0,0,0,0,0,0,0,0,0,0,0
Congo (Brazzaville),,13,33,17,0,0,0,0,0,0,0,0,0,0,0,21,21,21,21,21,21,21,21,21,21,21,21,21,21,21,21,21,21,21,21,21,21,21,21,21,21,21,21,21
Congo (Kinshasa),,0,0,0,16,16,16,16,17,17,17,16,17,17,17,17,17,17,17,17,17,17,17,17,17,17,17,17,17,17,17,17,15,15,15,0,0,0,0,0,0,0,0,0
Cote dIvoire (IvoryCoast),,19,19,23,24,44,43,40,75,39,39,50,50,50,90,90,90,90,73,60,60,69,69,69,69,62.8,64.4,64,64,73.19,69,69,65.2,65.2,65.2,65.2,65.2,65.2,65.2,63.99,63.99,63.99,63.99,63.99
Djibouti,,0,0,0,0,0,0,0,0,0,0,0,0,0,0,0,0,0,0,0,0,0,0,0,0,0,0,0,0,0,0,0,0,0,0,0,0,0,0,0,0,0,0,0
Egypt,,175,175,210,99,180,180,180,236,234,251,234,292,292,341,369,369,434,452,452,489,489,523,523.453,532.153,532.153,532.153,532.153,546.06,546.06,577.76,577.76,726.25,726.25,726.25,726.25,726.25,726.25,726.25,726.25,726.25,726.25,726.25,726.25
Equatorial Guinea,,0,0,0,0,0,0,0,0,0,0,0,0,0,0,0,0,0,0,0,0,0,0,0,0,0,0,0,0,0,0,0,0,0,0,0,0,0,0,0,0,0,0,0
Eritrea,,--,--,--,--,--,--,--,--,--,--,--,--,--,--,--,--,--,--,--,--,--,--,--,--,0,0,18,18,18,18,18,18,14.564,14.564,14.564,14.564,14.564,14.564,14.564,14.564,14.564,14.564,14.564
Ethiopia,,11,13,14,15,14,14,14,14,14,14,14,14,14,14,15,15,18,18,18,18,18,18,18,18,18,18,0,0,0,0,0,0,0,0,0,0,0,0,0,0,0,0,0
Gabon,,13,17,17,17,17,17,20,20,20,20,20,20,20,20,20,20,23,16,23,24,24,24,24,24,17.3,17.3,17.3,17.3,17.3,17.3,17.3,17.3,17.3,17.3,17.3,17.3,17.3,17.3,24,24,24,24,24
"Gambia, The",,0,0,0,0,0,0,0,0,0,0,0,0,0,0,0,0,0,0,0,0,0,0,0,0,0,0,0,0,0,0,0,0,0,0,0,0,0,0,0,0,0,0,0
Ghana,,29,28,28,27,25,28,28,27,27,26,26,26,27,27,28,28,28,28,28,27,27,27,26.6,26.6,26.6,25.315,25.315,26.6,26.6,45,45,45,45,45,45,45,45,45,45,45,45,45,45
Guinea,,0,0,0,0,0,0,0,0,0,0,0,0,0,0,0,0,0,0,0,0,0,0,0,0,0,0,0,0,0,0,0,0,0,0,0,0,0,0,0,0,0,0,0
Guinea-Bissau,,0,0,0,0,0,0,0,0,0,0,0,0,0,0,0,0,0,0,0,0,0,0,0,0,0,0,0,0,0,0,0,0,0,0,0,0,0,0,0,0,0,0,0
Kenya,,44,50,51,48,48,48,86,86,95,95,95,95,79,79,79,95,95,95,90,90,95,90,90,90,90,90,90,85.5,85.5,90,70,90,90,90,85.5,85.5,85.5,85.5,90,90,90,90,90
Lesotho,,0,0,0,0,0,0,0,0,0,0,0,0,0,0,0,0,0,0,0,0,0,0,0,0,0,0,0,0,0,0,0,0,0,0,0,0,0,0,0,0,0,0,0
Liberia,,10,10,10,13,10,11,15,15,15,15,15,15,15,15,15,15,15,15,15,15,15,15,15,15,15,15,15,15,15,15,15,15,15,15,15,15,15,15,15,15,15,15,15
Libya,,10,10,10,17,16,76,76,135,135,137,138,142,130,130,125,330,330,329,329,329,329,348,348.4,348.4,348.4,348.4,348.4,348.4,348.4,348.4,348.4,343.4,343.4,343.4,343.4,380,380,378,378,378,378,378,378
Madagascar,,13,12,14,15,15,15,16,16,16,11,11,11,11,16,16,16,16,16,16,16,16,16,16.35,16.35,16.35,16.35,15,15,15,15,15,15,15,15,15,15,0,0,0,0,0,0,0
Malawi,,0,0,0,0,0,0,0,0,0,0,0,0,0,0,0,0,0,0,0,0,0,0,0,0,0,0,0,0,0,0,0,0,0,0,0,0,0,0,0,0,0,0,0
Mali,,0,0,0,0,0,0,0,0,0,0,0,0,0,0,0,0,0,0,0,0,0,0,0,0,0,0,0,0,0,0,0,0,0,0,0,0,0,0,0,0,0,0,0
Mauritania,,0,0,0,0,0,0,0,0,0,0,0,0,0,0,0,0,0,0,0,0,0,0,0,0,0,0,0,0,0,0,0,0,0,0,0,0,0,0,0,0,0,0,0
Mauritius,,0,0,0,0,0,0,0,0,0,0,0,0,0,0,0,0,0,0,0,0,0,0,0,0,0,0,0,0,0,0,0,0,0,0,0,0,0,0,0,0,0,0,0
Morocco,,35,35,37,59,59,59,68,68,72,72,72,72,72,74,74,80,81,81,155,155,155,155,154.6,154.6,154.6,154.6,155.388,155.6,151.83,156.83,156.63,156.63,154.901,154.901,154.901,154.901,154.901,154.901,154.901,154.901,154.901,154.901,154.901
Mozambique,,20,47,17,17,17,17,11,11,11,16,16,16,16,16,17,17,17,17,0,0,0,0,0,0,0,0,0,0,0,0,0,0,0,0,0,0,0,0,0,0,0,0,0
Namibia,,--,--,--,--,--,--,--,--,--,--,--,--,--,--,--,--,--,--,--,--,0,0,0,0,0,0,0,0,0,0,0,0,0,0,0,0,0,0,0,0,0,0,0
Niger,,0,0,0,0,0,0,0,0,0,0,0,0,0,0,0,0,0,0,0,0,0,0,0,0,0,0,0,0,0,0,0,0,0,0,0,0,0,0,0,0,0,0,0
Nigeria,,46,55,55,60,60,60,57,60,60,159,160,160,254,260,247,250,250,250,270,415,433,433,433.25,433.25,433.25,433.25,433.25,433.25,438.75,438.75,438.75,438.75,438.75,438.75,438.75,438.75,438.75,438.75,505,505,505,445,445
Reunion,,0,0,0,0,0,0,0,0,0,0,0,0,0,0,0,0,0,0,0,0,0,0,0,0,0,0,0,0,0,0,0,0,0,0,0,0,0,0,0,0,0,0,0
Rwanda,,0,0,0,0,0,0,0,0,0,0,0,0,0,0,0,0,0,0,0,0,0,0,0,0,0,0,0,0,0,0,0,0,0,0,0,0,0,0,0,0,0,0,0
Saint Helena,,0,0,0,0,0,0,0,0,0,0,0,0,0,0,0,0,0,0,0,0,0,0,0,0,0,0,0,0,0,0,0,0,0,0,0,0,0,0,0,0,0,0,0
Sao Tome and Principe,,0,0,0,0,0,0,0,0,0,0,0,0,0,0,0,0,0,0,0,0,0,0,0,0,0,0,0,0,0,0,0,0,0,0,0,0,0,0,0,0,0,0,0
Senegal,,13,12,13,12,18,15,12,19,20,20,20,20,18,18,18,30,30,30,30,30,24,24,24,22.6,22.6,17,17,17,17,17,17,27,27,27,27,27,27,27,25.03,25.03,25.03,25.03,25.03
Seychelles,,0,0,0,0,0,0,0,0,0,0,0,0,0,0,0,0,0,0,0,0,0,0,0,0,0,0,0,0,0,0,0,0,0,0,0,0,0,0,0,0,0,0,0
Sierra Leone,,10,10,11,10,10,10,10,10,10,10,10,10,10,10,10,10,10,10,10,10,10,10,10,10,10,10,10,10,10,10,10,10,10,10,10,10,10,10,10,10,10,10,10
Somalia,,0,0,0,0,0,0,0,0,0,10,10,0,0,0,0,0,0,10,10,10,10,10,10,10,10,10,10,10,10,10,10,10,10,0,0,0,0,0,0,0,0,0,0
South Africa,,184,263,251,243,331,397,434,434,446,478,479,469,424,424,389,389,389,389,434,434,434,431,430.5,430.5,364.038,401.038,401,414.15,465,468.547,466.547,473.547,468.547,489.547,519.547,489.547,504.547,488.297,485.297,485.297,485.297,486.547,484.547
Sudan and South Sudan,,21,20,21,20,22,22,24,24,24,26,26,24,24,24,24,24,24,24,21,21,25,22,21.7,21.7,21.7,21.7,21.7,21.7,21.7,21.7,81.7,121.7,121.7,121.7,121.7,121.7,121.7,121.7,121.7,121.7,121.7,121.7,121.7
Swaziland,,0,0,0,0,0,0,0,0,0,0,0,0,0,0,0,0,0,0,0,0,0,0,0,0,0,0,0,0,0,0,0,0,0,0,0,0,0,0,0,0,0,0,0
Tanzania,,14,13,17,17,17,16,16,12,12,17,17,12,14,17,17,14,14,14,14,14,14,17,17,17,17,17,15.865,15.865,14.9,14.9,14.9,14.9,14.9,14.9,14.9,14.9,14.9,14.9,14.9,14.9,14.9,14.9,14.9
Togo,,0,0,0,0,0,0,0,0,0,20,20,20,20,20,20,20,20,20,20,0,0,0,0,0,0,0,0,0,0,0,0,0,0,0,0,0,0,0,0,0,0,0,0
Tunisia,,23,23,25,21,21,25,23,22,22,34,34,34,34,34,34,34,34,34,34,34,34,34,34,34,34,34,34,34,34,34,34,34,34,34,34,34,34,34,34,34,34,34,34
Uganda,,0,0,0,0,0,0,0,0,0,0,0,0,0,0,0,0,0,0,0,0,0,0,0,0,0,0,0,0,0,0,0,0,0,0,0,0,0,0,0,0,0,0,0
Western Sahara,,0,0,0,0,0,0,0,0,0,0,0,0,0,0,0,0,0,0,0,0,0,0,0,0,0,0,0,0,0,0,0,0,0,0,0,0,0,0,0,0,0,0,0
Zambia,,0,0,0,0,25,25,25,25,25,25,25,25,25,25,25,25,25,25,24,21,25,25,23.75,23.75,23.75,23.75,24.5,24.5,24.5,24.5,24.5,23.75,23.75,23.75,23.75,23.75,23.75,23.75,23.75,23.75,23.75,23.75,23.75
Zimbabwe,,0,0,0,0,0,0,0,0,0,0,0,0,0,0,0,0,0,0,0,0,0,0,0,0,0,0,0,0,0,0,0,0,0,0,0,0,0,0,0,0,0,0,0
Asia & Oceania,,5854,6472,7314,8404,9522,10234,10870,11462,11640,11934.9,12054.8,12431.8,12844.8,12961.9,12581.9,12606.9,12373.8,12643.9,12517.9,12263,12181,12562,13195.035,13395.252,13657.721,14417.766,14802.616,16286.761,16995.176,18771.841,19643.997,20165.77,20183.86,20204.81,20037.71,20695.031,22205.517,22310.291,22214.251,22482.913,23527.629,24874.949,24918.362
Afghanistan,,0,0,0,0,0,0,0,0,0,0,0,0,0,0,0,0,0,0,0,0,0,0,0,0,0,0,0,0,0,0,0,0,0,0,0,0,0,0,0,0,0,0,0
American Samoa,,0,0,0,0,0,0,0,0,0,0,0,0,0,0,0,0,0,0,0,0,0,0,0,0,0,0,0,0,0,0,0,0,0,0,0,0,0,0,0,0,0,0,0
Australia,,594,640,699,633,681,722,707,706,709,708,725,743,742,716,722,697,623,626,637,644,675,706,703,698,705,704.65,732.725,771.25,762.115,807.125,812.35,846.5,848.25,848.25,754.975,754.975,701.55,704.659,707.059,696.346,724.736,757.158,760.148
Bangladesh,,0,0,31,31,31,30,30,31,31,31,31,31,31,31,22,31,31,31,31,31,31,31,31.2,31.2,31.2,31.2,31.2,31.2,31.2,33,33,33,33,33,33,33,33,33,33,33,33,33,33
Bhutan,,0,0,0,0,0,0,0,0,0,0,0,0,0,0,0,0,0,0,0,0,0,0,0,0,0,0,0,0,0,0,0,0,0,0,0,0,0,0,0,0,0,0,0
Brunei,,320,127,131,123,123,123,45,0,0,0,0,0,0,0,10,9,10,10,10,10,10,10,10,8.5,8.5,8.6,8.6,8.6,8.6,8.6,8.6,8.6,8.6,8.6,8.6,8.6,8.6,8.6,8.6,8.6,8.6,8.6,8.6
Burma (Myanmar),,26,26,26,25,25,28,28,28,28,26,26,26,26,26,26,26,26,26,26,26,32,32,32,32,32,32,32,32,32,32,32,32,32,57,57,57,57,57,57,57,57,57,57
Cambodia,,NA,NA,NA,NA,NA,NA,NA,NA,NA,NA,NA,NA,NA,NA,NA,NA,NA,NA,NA,NA,NA,NA,0,0,0,0,0,0,0,0,0,0,0,0,0,0,0,0,0,0,0,0,0
China,,300,420,480,500,600,850,1014,1398,1461,1578,1600,1810,1810,2000,2050,2150,2150,2200,2200,2200,2200,2200,2200,2200,2200,2867,2867,2867,2967,4346.8,4346.8,4346.8,4528.1,4528.1,4528.1,4649.589,6246,6246,6246,6446,6806,6806,6866
Cook Islands,,0,0,0,0,0,0,0,0,0,0,0,0,0,0,0,0,0,0,0,0,0,0,0,0,0,0,0,0,0,0,0,0,0,0,0,0,0,0,0,0,0,0,0
Fiji,,0,0,0,0,0,0,0,0,0,0,0,0,0,0,0,0,0,0,0,0,0,0,0,0,0,0,0,0,0,0,0,0,0,0,0,0,0,0,0,0,0,0,0
French Polynesia,,0,0,0,0,0,0,0,0,0,0,0,0,0,0,0,0,0,0,0,0,0,0,0,0,0,0,0,0,0,0,0,0,0,0,0,0,0,0,0,0,0,0,0
Guam,,0,0,0,30,30,30,30,30,30,32,43.9,43.9,43.9,43.9,43.9,43.9,43.9,43.9,43.9,0,0,0,0,0,0,0,0,0,0,0,0,0,0,0,0,0,0,0,0,0,0,0,0
Hawaiian Trade Zone,,NA,NA,NA,NA,NA,NA,NA,NA,NA,67.9,67.9,67.9,67.9,60,60,62,67.9,--,--,--,--,--,--,--,--,--,--,--,--,--,--,--,--,--,--,--,--,--,--,--,--,--,--
Hong Kong,,0,0,0,0,0,0,0,0,0,0,0,0,0,0,0,0,0,0,0,0,0,0,0,0,0,0,0,0,0,0,0,0,0,0,0,0,0,0,0,0,0,0,0
India,,446,429,437,489,499,555,564,568,564,626,557,557,557,753,779,705,867,991,1059,1051,1080,1122,1122.36,1046.827,1086.371,1086.371,1086.371,1086.371,1086.371,1141.511,1857.742,2113.24,2134.625,2134.625,2134.625,2254.625,2254.625,2255.54,2255.54,2255.54,2835.54,4000.488,4042.761
Indonesia,,268,251,420,424,428,428,428,428,528,528,528,445,498,341,387,631,636,636,714,714,714,814,860.2,860.2,860.2,804.745,804.745,804.745,929.745,929.745,992.745,992.745,992.745,992.745,992.745,992.745,992.745,992.745,992.745,992.745,1011.825,1011.825,1011.825
Japan,,3140,3699,3816,4526,5152,5346,5629,5760,5671,5677,5708,5662,5809,5731,5173,4966,4723,4790,4567,4363,4198,4383,4612.45,4740.65,4810.15,4846.65,4866.95,4989.02,4966.02,5059.46,4997.66,4962.085,4786.34,4766.94,4702.94,4706.94,4671.94,4676.69,4650.7,4690.7,4623.69,4729.89,4729.89
Kiribati,,0,0,0,0,0,0,0,0,0,0,0,0,0,0,0,0,0,0,0,0,0,0,0,0,0,0,0,0,0,0,0,0,0,0,0,0,0,0,0,0,0,0,0
"Korea, North",,NA,NA,NA,NA,NA,NA,NA,NA,NA,NA,NA,NA,NA,NA,NA,NA,NA,NA,NA,NA,NA,NA,42,42,42,42,71,71,71,71,71,71,71,71,71,71,71,71,71,71,71,71,71
"Korea, South",,180,250,220,430,420,425,435,424,475,542,601,607,755,755,776,776,782,862,820,880,867,867,1163.1,1147.1,1147.1,1169.9,1244,2211.25,2540.1,2540.1,2540.1,2560.1,2560.1,2560.1,2544,2576.5,2576.5,2576.5,2576.5,2606.5,2701.5,2721.5,2759.5
Laos,,0,0,0,0,0,0,0,0,0,0,0,0,0,0,0,0,0,0,0,0,0,0,0,0,0,0,0,0,0,0,0,0,0,0,0,0,0,0,0,0,0,0,0
Macau,,0,0,0,0,0,0,0,0,0,0,0,0,0,0,0,0,0,0,0,0,0,0,0,0,0,0,0,0,0,0,0,0,0,0,0,0,0,0,0,0,0,0,0
Malaysia,,0,0,0,0,0,0,123,168,168,140,172,177,175,175,205,205,212,212,212,209,209,210,209.5,263,269.8,286.4,320.7,330,370.7,474.4,524.4,513.6,514.5,516,516,544.832,544.832,544.832,514.832,514.832,514.832,538.582,538.582
Maldives,,0,0,0,0,0,0,0,0,0,0,0,0,0,0,0,0,0,0,0,0,0,0,0,0,0,0,0,0,0,0,0,0,0,0,0,0,0,0,0,0,0,0,0
Mongolia,,NA,NA,NA,NA,NA,NA,NA,NA,NA,NA,NA,NA,NA,NA,NA,NA,NA,NA,NA,NA,NA,NA,0,0,0,0,0,0,0,0,0,0,0,0,0,0,0,0,0,0,0,0,0
Nauru,,0,0,0,0,0,0,0,0,0,0,0,0,0,0,0,0,0,0,0,0,0,0,0,0,0,0,0,0,0,0,0,0,0,0,0,0,0,0,0,0,0,0,0
Nepal,,0,0,0,0,0,0,0,0,0,0,0,0,0,0,0,0,0,0,0,0,0,0,0,0,0,0,0,0,0,0,0,0,0,0,0,0,0,0,0,0,0,0,0
New Caledonia,,0,0,0,0,0,0,0,0,0,0,0,0,0,0,0,0,0,0,0,0,0,0,0,0,0,0,0,0,0,0,0,0,0,0,0,0,0,0,0,0,0,0,0
New Zealand,,66,66,68,54,54,54,54,54,74,74,74,74,74,74,74,53,53,54,82,88,95,95,95.1,84.3,92.5,89,91.2,91.2,91.2,98,98,106,106,106,103.55,103.55,103.55,103.55,107,107,107,107,107
Niue,,0,0,0,0,0,0,0,0,0,0,0,0,0,0,0,0,0,0,0,0,0,0,0,0,0,0,0,0,0,0,0,0,0,0,0,0,0,0,0,0,0,0,0
Pakistan,,107,115,117,81,81,79,74,74,106,110,98,122,133,133,126,129,130,130,130,130,121,121,120.975,120.975,132.9,138.85,137.325,137.325,137.325,138.85,143.35,238.85,238.85,233.85,268.975,268.975,268.975,268.975,266.675,276.05,286.306,286.306,186.306
Papua New Guinea,,0,0,0,0,0,0,0,0,0,0,0,0,0,0,0,0,0,0,0,0,0,0,0,0,0,0,0,0,0,0,0,0,0,0,0,32.5,32.5,32.5,32.5,32.5,32.5,32.5,32.5
Philippines,,182,205,221,276,284,274,247,251,253,253,253,246,286,286,286,286,216,286,286,254,284,279,287.1,278.45,278.75,280.35,323.05,323.05,323.05,389,401,419.5,419.5,419.5,333,333,333,333,282,282,273,273,273
Samoa,,0,0,0,0,0,0,0,0,0,0,0,0,0,0,0,0,0,0,0,0,0,0,0,0,0,0,0,0,0,0,0,0,0,0,0,0,0,0,0,0,0,0,0
Singapore,,0,0,299,390,700,846,923,918,918,918,921,1069,1096,1096,1101,1072,1018,961,858,852,830,878,893,1029,1055,1091,1170,1157,1157,1172,1255,1270,1258.5,1258.5,1318.6,1336.6,1336.6,1336.6,1344,1344,1357,1357,1357
Solomon Islands,,0,0,0,0,0,0,0,0,0,0,0,0,0,0,0,0,0,0,0,0,0,0,0,0,0,0,0,0,0,0,0,0,0,0,0,0,0,0,0,0,0,0,0
Sri Lanka,,44,30,43,37,38,34,38,38,38,38,38,50,50,50,50,50,50,50,50,50,50,50,50,50,50,50,47.5,47.5,47.5,47.5,47.5,50,50,47.5,47.5,47.5,50,50,50,50,50,50,50
Taiwan,,119,118,220,199,210,244,335,425,425,425,425,515,515,515,515,543,543,543,600,570,570,543,542.5,542.5,542.5,542.5,542.5,770,770,770,770,920,920,920,920,1220,1220,1290,1290,1290,1310,1310,1310
Thailand,,62,96,86,156,166,166,166,161,161,161,186,186,176,176,176,172,192,192,192,191,215,221,220.55,220.55,313.75,346.55,425.75,558.25,704.25,712.75,712.75,681.75,681.75,703.1,703.1,703.1,703.1,729.1,729.1,729.1,584.1,584.1,584.25
Timor-Leste (East Timor),,--,--,--,--,--,--,--,--,--,--,--,--,--,--,--,--,--,--,--,--,--,--,--,--,--,--,--,--,--,--,--,--,--,0,0,0,0,0,0,0,0,0,0
Tonga,,0,0,0,0,0,0,0,0,0,0,0,0,0,0,0,0,0,0,0,0,0,0,0,0,0,0,0,0,0,0,0,0,0,0,0,0,0,0,0,0,0,0,0
U.S. Pacific Islands,,0,0,0,0,0,0,0,0,0,0,0,0,0,0,0,0,0,0,0,0,0,0,0,0,0,0,0,0,0,0,0,0,0,0,0,0,0,0,0,0,0,0,0
Vanuatu,,0,0,0,0,0,0,0,0,0,0,0,0,0,0,0,0,0,0,0,0,0,0,0,0,0,0,0,0,0,0,0,0,0,0,0,0,0,0,0,0,0,0,0
Vietnam,,NA,NA,NA,NA,NA,NA,NA,NA,NA,NA,NA,NA,NA,NA,NA,NA,NA,NA,NA,NA,NA,NA,0,0,0,0,0,0,0,0,0,0,0,0,0,0,0,0,0,0,140,140,140
Wake Island,,0,0,0,0,0,0,0,0,0,0,0,0,0,0,0,0,0,0,0,0,0,0,0,0,0,0,0,0,0,0,0,0,0,0,0,0,0,0,0,0,0,0,0
World,,46764.773,51590.928,54790.868,57865.946,62703.336,66098.51,69511.421,72294.172,74670.524,75614.185,76783.421,78471.82,77608.029,74179.732,72240.041,72027.669,69463.748,69414.413,70458.318,70003.874,70562.966,72050.427,75432.655,73108.842,73072.978,74245.663,74393.92,75986.492,78030.467,80084.292,81528.691,81316.421,81444.216,81995.155,82258.336,82795.393,85344.983,85355.179,85460.07,85900.401,86970.671,88096.775,88004.209
